Name, Data / Item Name / Equipment Name, Quantity / Level / Slots Count, Deco 1 / Skill, Deco 2 / Skill, Deco 3 / Skill, Skill 1 Points, Skill 2 Points
File Toggled, 1
Character 1 Toggled, 1
Character 2 Toggled, 1
Character 3 Toggled, 1
Gender, female
Name, ZEFALINA
Zenny, 12630
Playtime (in seconds), 2065003
Hunter Rank Points, 17725
Hunter Rank, 13
Blader Pouch 0, Potion, 10
Blader Pouch 1, Mega Potion, 7
Blader Pouch 2, Psychoserum, 3
Blader Pouch 3, Max Potion, 2
Blader Pouch 4, Ancient Potion, 1
Blader Pouch 5, Lifepowder, 3
Blader Pouch 6, Powercharm, 1
Blader Pouch 7, Armorcharm, 1
Blader Pouch 8, Well-done Steak, 10
Blader Pouch 9, Flash Bomb, 5
Blader Pouch 10, Dung Bomb, 10
Blader Pouch 11, Farcaster, 1
Blader Pouch 12, Shock Trap, 1
Blader Pouch 13, Barrel Bomb L+, 2
Blader Pouch 14, Mega Pickaxe, 5
Blader Pouch 15, Mega Bug Net, 5
Blader Pouch 16, Whetstone, 14
Blader Pouch 17, Herb, 10
Blader Pouch 18, Gobul Spike, 2
Blader Pouch 19, Gobul Fin, 1
Blader Pouch 20, Gobul Hide, 1
Blader Pouch 21, NONE, 0
Blader Pouch 22, NONE, 0
Blader Pouch 23, NONE, 0
Gunner Pouch 0, NONE, 0
Gunner Pouch 1, NONE, 0
Gunner Pouch 2, NONE, 0
Gunner Pouch 3, NONE, 0
Gunner Pouch 4, NONE, 0
Gunner Pouch 5, NONE, 0
Gunner Pouch 6, NONE, 0
Gunner Pouch 7, NONE, 0
Gunner Pouch 8, NONE, 0
Gunner Pouch 9, NONE, 0
Gunner Pouch 10, NONE, 0
Gunner Pouch 11, NONE, 0
Gunner Pouch 12, NONE, 0
Gunner Pouch 13, NONE, 0
Gunner Pouch 14, NONE, 0
Gunner Pouch 15, NONE, 0
Gunner Pouch 16, NONE, 0
Gunner Pouch 17, NONE, 0
Gunner Pouch 18, NONE, 0
Gunner Pouch 19, NONE, 0
Gunner Pouch 20, NONE, 0
Gunner Pouch 21, NONE, 0
Gunner Pouch 22, NONE, 0
Gunner Pouch 23, NONE, 0
Gunner Pouch 24, Crag S Lv1, 9
Gunner Pouch 25, Flaming S, 5
Gunner Pouch 26, Recov S Lv1, 8
Gunner Pouch 27, Pierce S Lv2, 4
Gunner Pouch 28, Pierce S Lv1, 55
Gunner Pouch 29, Normal S Lv3, 74
Gunner Pouch 30, NONE, 0
Gunner Pouch 31, NONE, 0
Item Box 0, Book of Combos 1, 2
Item Box 1, Book of Combos 2, 2
Item Box 2, Book of Combos 3, 2
Item Box 3, Book of Combos 4, 2
Item Box 4, Book of Combos 5, 2
Item Box 5, Potion, 90
Item Box 6, Mega Potion, 80
Item Box 7, Nutrients, 20
Item Box 8, Mega Nutrients, 11
Item Box 9, Antidote, 99
Item Box 10, Antidote, 17
Item Box 11, Immunizer, 26
Item Box 12, Dash Juice, 40
Item Box 13, Mega Dash Juice, 50
Item Box 14, Demondrug, 11
Item Box 15, Mega Demondrug, 6
Item Box 16, Might Pill, 7
Item Box 17, Armorskin, 11
Item Box 18, Mega Armorskin, 6
Item Box 19, Adamant Pill, 8
Item Box 20, Cool Drink, 99
Item Box 21, Cool Drink, 37
Item Box 22, Hot Drink, 99
Item Box 23, Hot Drink, 75
Item Box 24, Cleanser, 37
Item Box 25, Psychoserum, 47
Item Box 26, Herbal Medicine, 28
Item Box 27, Max Potion, 80
Item Box 28, Ancient Potion, 60
Item Box 29, Catalyst, 28
Item Box 30, Energy Drink, 39
Item Box 31, Air Philter, 8
Item Box 32, Mega Air Philter, 12
Item Box 33, Gunpowder, 3
Item Box 34, Lifecrystals, 6
Item Box 35, Lifepowder, 5
Item Box 36, Tranquilizer, 5
Item Box 37, Raw Meat, 35
Item Box 38, Poisoned Meat, 28
Item Box 39, Tinged Meat, 30
Item Box 40, Drugged Meat, 28
Item Box 41, Rare Steak, 29
Item Box 42, Well-done Steak, 21
Item Box 43, Burnt Meat, 13
Item Box 44, Hot Meat, 42
Item Box 45, Chilled Meat, 42
Item Box 46, Pink Liver, 99
Item Box 47, Pink Liver, 43
Item Box 48, Ethnic Wyvrnmeat, 2
Item Box 49, Bomb Casing, 21
Item Box 50, Paintball, 99
Item Box 51, Flash Bomb, 4
Item Box 52, Sonic Bomb, 99
Item Box 53, Sonic Bomb, 6
Item Box 54, Dung, 99
Item Box 55, Dung, 99
Item Box 56, Dung, 99
Item Box 57, Dung, 4
Item Box 58, Super-sized Dung, 99
Item Box 59, Super-sized Dung, 11
Item Box 60, Fertile Mud, 58
Item Box 61, Dung Bomb, 7
Item Box 62, Smoke Bomb, 2
Item Box 63, Poison Smoke Bmb, 99
Item Box 64, Poison Smoke Bmb, 4
Item Box 65, Farcaster, 86
Item Box 66, Tranq Bomb, 8
Item Box 67, Oxygen Supply, 36
Item Box 68, Spider Web, 70
Item Box 69, Net, 70
Item Box 70, Trap Tool, 16
Item Box 71, Pitfall Trap, 70
Item Box 72, Shock Trap, 20
Item Box 73, Small Barrel, 99
Item Box 74, Small Barrel, 99
Item Box 75, Small Barrel, 99
Item Box 76, Small Barrel, 40
Item Box 77, Large Barrel, 99
Item Box 78, Large Barrel, 99
Item Box 79, Large Barrel, 78
Item Box 80, Barrel Bomb S, 12
Item Box 81, Barrel Bomb S+, 5
Item Box 82, Barrel Bomb L, 3
Item Box 83, Barrel Bomb L+, 3
Item Box 84, Bounce Bomb, 94
Item Box 85, Bounce Bomb+, 12
Item Box 86, Felvine Bomb, 43
Item Box 87, Huskberry, 99
Item Box 88, Huskberry, 99
Item Box 89, Huskberry, 85
Item Box 90, Bone Husk S, 99
Item Box 91, Bone Husk S, 99
Item Box 92, Bone Husk S, 99
Item Box 93, Bone Husk S, 99
Item Box 94, Bone Husk S, 99
Item Box 95, Bone Husk S, 99
Item Box 96, Bone Husk S, 99
Item Box 97, Bone Husk S, 16
Item Box 98, Bone Husk L, 99
Item Box 99, Bone Husk L, 99
Item Box 100, Bone Husk L, 99
Item Box 101, Bone Husk L, 99
Item Box 102, Bone Husk L, 99
Item Box 103, Bone Husk L, 99
Item Box 104, Bone Husk L, 87
Item Box 105, Normal S Lv2, 99
Item Box 106, Normal S Lv2, 20
Item Box 107, Pierce S Lv1, 38
Item Box 108, Pierce S Lv2, 89
Item Box 109, Pierce S Lv3, 79
Item Box 110, Pellet S Lv1, 99
Item Box 111, Pellet S Lv2, 50
Item Box 112, Pellet S Lv3, 99
Item Box 113, Pellet S Lv3, 39
Item Box 114, Crag S Lv1, 46
Item Box 115, Crag S Lv2, 9
Item Box 116, Crag S Lv3, 9
Item Box 117, Clust S Lv1, 70
Item Box 118, Clust S Lv2, 21
Item Box 119, Clust S Lv3, 15
Item Box 120, Flaming S, 99
Item Box 121, Flaming S, 99
Item Box 122, Flaming S, 99
Item Box 123, Flaming S, 99
Item Box 124, Water S, 99
Item Box 125, Water S, 99
Item Box 126, Water S, 37
Item Box 127, Thunder S, 99
Item Box 128, Thunder S, 99
Item Box 129, Thunder S, 99
Item Box 130, Thunder S, 99
Item Box 131, Thunder S, 99
Item Box 132, Thunder S, 99
Item Box 133, Thunder S, 99
Item Box 134, Thunder S, 99
Item Box 135, Thunder S, 99
Item Box 136, Thunder S, 63
Item Box 137, Freeze S, 99
Item Box 138, Freeze S, 99
Item Box 139, Freeze S, 99
Item Box 140, Freeze S, 40
Item Box 141, Dragon S, 25
Item Box 142, Recov S Lv1, 95
Item Box 143, Recov S Lv2, 13
Item Box 144, Poison S Lv1, 99
Item Box 145, Poison S Lv1, 99
Item Box 146, Poison S Lv1, 99
Item Box 147, Poison S Lv1, 12
Item Box 148, Poison S Lv2, 24
Item Box 149, Para S Lv1, 44
Item Box 150, Para S Lv2, 13
Item Box 151, Sleep S Lv1, 60
Item Box 152, Sleep S Lv2, 27
Item Box 153, Tranq S, 24
Item Box 154, Paint S, 49
Item Box 155, Demon S I, 7
Item Box 156, Demon S II, 2
Item Box 157, Armor S I, 5
Item Box 158, Armor S II, 10
Item Box 159, Sub S Lv1, 30
Item Box 160, Sub S Lv2, 2
Item Box 161, Exhaust S, 28
Item Box 162, Slicing S, 99
Item Box 163, Slicing S, 99
Item Box 164, Slicing S, 70
Item Box 165, WyvernFire Lv1, 99
Item Box 166, WyvernFire Lv1, 99
Item Box 167, WyvernFire Lv2, 17
Item Box 168, WyvernFire Lv3, 23
Item Box 169, UW Ballista Ammo, 45
Item Box 170, Cricket, 99
Item Box 171, Cricket, 12
Item Box 172, Worm, 99
Item Box 173, Worm, 99
Item Box 174, Worm, 99
Item Box 175, Worm, 99
Item Box 176, Worm, 99
Item Box 177, Worm, 99
Item Box 178, Worm, 54
Item Box 179, Firefly, 99
Item Box 180, Firefly, 29
Item Box 181, Mega Fishing Fly, 3
Item Box 182, Frog, 48
Item Box 183, Sushifish Bait, 2
Item Box 184, Tuna Bait, 37
Item Box 185, Arowana Bait, 10
Item Box 186, Goldenfish Bait, 33
Item Box 187, Old Pickaxe, 13
Item Box 188, Iron Pickaxe, 24
Item Box 189, Mega Pickaxe, 89
Item Box 190, Old Bug Net, 68
Item Box 191, Bug Net, 92
Item Box 192, Mega Bug Net, 99
Item Box 193, Mega Bug Net, 19
Item Box 194, Fishing Harpoon, 11
Item Box 195, Mega Harpoon, 18
Item Box 196, BBQ Spit, 1
Item Box 197, Double BBQ Spit, 1
Item Box 198, Whetstone, 99
Item Box 199, Whetstone, 53
Item Box 200, Binoculars, 1
Item Box 201, Garbage, 88
Item Box 202, Hunting Horn, 36
Item Box 203, Health Horn, 38
Item Box 204, Antidote Horn, 20
Item Box 205, Demon Horn, 28
Item Box 206, Armor Horn, 28
Item Box 207, Honey, 99
Item Box 208, Honey, 55
Item Box 209, Herb, 99
Item Box 210, Herb, 99
Item Box 211, Herb, 99
Item Box 212, Herb, 99
Item Box 213, Herb, 46
Item Box 214, Antidote Herb, 99
Item Box 215, Antidote Herb, 99
Item Box 216, Antidote Herb, 99
Item Box 217, Antidote Herb, 58
Item Box 218, Fire Herb, 99
Item Box 219, Fire Herb, 99
Item Box 220, Fire Herb, 68
Item Box 221, Ivy, 99
Item Box 222, Ivy, 99
Item Box 223, Ivy, 30
Item Box 224, Sleep Herb, 99
Item Box 225, Sleep Herb, 99
Item Box 226, Sleep Herb, 99
Item Box 227, Sleep Herb, 99
Item Box 228, Sleep Herb, 70
Item Box 229, Sap Plant, 99
Item Box 230, Sap Plant, 75
Item Box 231, Felvine, 21
Item Box 232, Cactus Flower, 99
Item Box 233, Cactus Flower, 99
Item Box 234, Cactus Flower, 99
Item Box 235, Cactus Flower, 95
Item Box 236, Airweed, 99
Item Box 237, Airweed, 99
Item Box 238, Airweed, 99
Item Box 239, Airweed, 81
Item Box 240, Hot Pepper, 99
Item Box 241, Hot Pepper, 99
Item Box 242, Hot Pepper, 99
Item Box 243, Hot Pepper, 99
Item Box 244, Hot Pepper, 64
Item Box 245, Blue Mushroom, 99
Item Box 246, Blue Mushroom, 99
Item Box 247, Blue Mushroom, 97
Item Box 248, Parashroom, 99
Item Box 249, Parashroom, 99
Item Box 250, Parashroom, 64
Item Box 251, Toadstool, 99
Item Box 252, Toadstool, 99
Item Box 253, Toadstool, 70
Item Box 254, Exciteshroom, 99
Item Box 255, Exciteshroom, 99
Item Box 256, Exciteshroom, 99
Item Box 257, Exciteshroom, 3
Item Box 258, Dragon Toadstool, 99
Item Box 259, Dragon Toadstool, 99
Item Box 260, Dragon Toadstool, 99
Item Box 261, Dragon Toadstool, 99
Item Box 262, Dragon Toadstool, 99
Item Box 263, Dragon Toadstool, 99
Item Box 264, Dragon Toadstool, 72
Item Box 265, Nitroshroom, 99
Item Box 266, Nitroshroom, 99
Item Box 267, Nitroshroom, 61
Item Box 268, Paintberry, 99
Item Box 269, Paintberry, 99
Item Box 270, Paintberry, 6
Item Box 271, Might Seed, 99
Item Box 272, Might Seed, 30
Item Box 273, Adamant Seed, 99
Item Box 274, Adamant Seed, 18
Item Box 275, Dragonfell Berry, 99
Item Box 276, Dragonfell Berry, 99
Item Box 277, Dragonfell Berry, 46
Item Box 278, Scatternut, 35
Item Box 279, Needleberry, 81
Item Box 280, Bomberry, 49
Item Box 281, Firedouse Berry, 99
Item Box 282, Firedouse Berry, 99
Item Box 283, Firedouse Berry, 53
Item Box 284, Waterblock Seed, 99
Item Box 285, Waterblock Seed, 99
Item Box 286, Waterblock Seed, 31
Item Box 287, Stormsender Seed, 99
Item Box 288, Stormsender Seed, 99
Item Box 289, Stormsender Seed, 56
Item Box 290, Icethaw Pellet, 99
Item Box 291, Icethaw Pellet, 99
Item Box 292, Icethaw Pellet, 32
Item Box 293, Broken Shell, 99
Item Box 294, Broken Shell, 19
Item Box 295, Black Pearl, 99
Item Box 296, Black Pearl, 99
Item Box 297, Black Pearl, 54
Item Box 298, Jumbo Pearl, 6
Item Box 299, Stone, 99
Item Box 300, Stone, 99
Item Box 301, Stone, 54
Item Box 302, Iron Ore, 99
Item Box 303, Iron Ore, 99
Item Box 304, Iron Ore, 28
Item Box 305, Earth Crystal, 99
Item Box 306, Earth Crystal, 99
Item Box 307, Earth Crystal, 99
Item Box 308, Earth Crystal, 99
Item Box 309, Earth Crystal, 99
Item Box 310, Earth Crystal, 23
Item Box 311, Machalite Ore, 99
Item Box 312, Machalite Ore, 1
Item Box 313, Dragonite Ore, 99
Item Box 314, Dragonite Ore, 72
Item Box 315, Pelagicite Ore, 6
Item Box 316, Firestone, 26
Item Box 317, Lightcrystal, 48
Item Box 318, Isisium, 27
Item Box 319, Antiseptic Stone, 15
Item Box 320, Ice Crystal, 11
Item Box 321, Armor Stone, 2
Item Box 322, Armor Sphere, 99
Item Box 323, Armor Sphere, 92
Item Box 324, Armor Sphere+, 99
Item Box 325, Armor Sphere+, 25
Item Box 326, Adv Armor Sphere, 50
Item Box 327, Whetfish, 99
Item Box 328, Whetfish, 7
Item Box 329, Sushifish, 99
Item Box 330, Sushifish, 9
Item Box 331, Sleepyfish, 99
Item Box 332, Sleepyfish, 12
Item Box 333, Pin Tuna, 99
Item Box 334, Pin Tuna, 10
Item Box 335, Popfish, 99
Item Box 336, Popfish, 1
Item Box 337, Scatterfish, 20
Item Box 338, Burst Arowana, 10
Item Box 339, Bomb Arowana, 54
Item Box 340, Glutton Tuna, 55
Item Box 341, Small Goldenfish, 66
Item Box 342, Insect Husk, 99
Item Box 343, Insect Husk, 99
Item Box 344, Insect Husk, 72
Item Box 345, Yambug, 99
Item Box 346, Yambug, 99
Item Box 347, Yambug, 41
Item Box 348, Snakebee Larva, 99
Item Box 349, Snakebee Larva, 99
Item Box 350, Snakebee Larva, 96
Item Box 351, Godbug, 99
Item Box 352, Godbug, 99
Item Box 353, Godbug, 99
Item Box 354, Godbug, 8
Item Box 355, Bitterbug, 99
Item Box 356, Bitterbug, 99
Item Box 357, Bitterbug, 99
Item Box 358, Bitterbug, 52
Item Box 359, Flashbug, 99
Item Box 360, Flashbug, 99
Item Box 361, Flashbug, 99
Item Box 362, Flashbug, 99
Item Box 363, Flashbug, 2
Item Box 364, Thunderbug, 36
Item Box 365, Killer Beetle, 47
Item Box 366, Gluehopper, 22
Item Box 367, Rare Scarab, 1
Item Box 368, Bomb Sac, 20
Item Box 369, Screamer, 99
Item Box 370, Screamer, 99
Item Box 371, Screamer, 99
Item Box 372, Screamer, 36
Item Box 373, Poison Sac, 47
Item Box 374, Paralysis Sac, 81
Item Box 375, Sleep Sac, 75
Item Box 376, Flame Sac, 46
Item Box 377, Frost Sac, 11
Item Box 378, Dash Extract, 62
Item Box 379, Pale Extract, 5
Item Box 380, Monster Bone S, 99
Item Box 381, Monster Bone S, 99
Item Box 382, Monster Bone S, 99
Item Box 383, Monster Bone S, 11
Item Box 384, Monster Bone M, 99
Item Box 385, Monster Bone M, 84
Item Box 386, Monster Bone L, 99
Item Box 387, Monster Bone L, 81
Item Box 388, Mystery Bone, 39
Item Box 389, Unknown Skull, 85
Item Box 390, Bone, 99
Item Box 391, Bone, 99
Item Box 392, Bone, 99
Item Box 393, Bone, 33
Item Box 394, Wyvern Fang, 39
Item Box 395, Wyvern Claw, 39
Item Box 396, ElderDragonBlood, 2
Item Box 397, Beautiful Scale, 15
Item Box 398, Shining Starfish, 53
Item Box 399, Armorfish Morsel, 69
Item Box 400, Fine Pelt, 74
Item Box 401, Power Paddle, 25
Item Box 402, Curved Fang, 99
Item Box 403, Curved Fang, 67
Item Box 404, Dragonbone Piece, 10
Item Box 405, Abalone Piece, 1
Item Box 406, Fossil Piece, 15
Item Box 407, Stunning Quill, 5
Item Box 408, Saturnian, 28
Item Box 409, Mystic Narwhal, 91
Item Box 410, Perfect Paddle, 24
Item Box 411, Moonlight Fang, 51
Item Box 412, Glittering Scale, 5
Item Box 413, Giant Skull, 17
Item Box 414, Atlantis Crab, 3
Item Box 415, Queen Needle, 1
Item Box 416, Ancient Skin Oil, 1
Item Box 417, Flamboyant Quill, 1
Item Box 418, Eldest Saturnian, 1
Item Box 419, Odd Egg, 6
Item Box 420, Saturnian Trap, 99
Item Box 421, Saturnian Trap, 31
Item Box 422, BugMaker! Pro, 77
Item Box 423, Funky Pheromones, 99
Item Box 424, Funky Pheromones, 99
Item Box 425, Funky Pheromones, 99
Item Box 426, Funky Pheromones, 99
Item Box 427, Funky Pheromones, 77
Item Box 428, Shroom Germ, 99
Item Box 429, Shroom Germ, 99
Item Box 430, Shroom Germ, 99
Item Box 431, Shroom Germ, 99
Item Box 432, Shroom Germ, 99
Item Box 433, Shroom Germ+, 43
Item Box 434, Bizzy Bees, 79
Item Box 435, Fish Finder, 19
Item Box 436, Treasure Tracker, 2
Item Box 437, Spare Spear, 2
Item Box 438, Pittance Fang, 92
Item Box 439, Fortune Fang, 13
Item Box 440, Gold Needle, 63
Item Box 441, Wyverngold, 3
Item Box 442, Pirate Booty, 2
Item Box 443, Steel Egg, 22
Item Box 444, Silver Egg, 21
Item Box 445, Golden Egg, 21
Item Box 446, Piggie, 2
Item Box 447, Incomplete Crown, 14
Item Box 448, Crown's Gemstone, 47
Item Box 449, Dazzling Crown, 5
Item Box 450, Kelbi Horn, 62
Item Box 451, Blue Kelbi Horn, 29
Item Box 452, Warm Pelt, 99
Item Box 453, Warm Pelt, 99
Item Box 454, Warm Pelt, 43
Item Box 455, Bnahabra Shell, 97
Item Box 456, Bnahabra Wing, 4
Item Box 457, Altaroth Jaw, 4
Item Box 458, Altaroth Stomach, 49
Item Box 459, Monster Fluid, 99
Item Box 460, Monster Fluid, 22
Item Box 461, Rhenoplos Shell, 91
Item Box 462, Rhenoplos Scalp, 21
Item Box 463, Big Fin, 7
Item Box 464, Sharpened Fang, 20
Item Box 465, Velvety Hide, 75
Item Box 466, Sharqskin, 3
Item Box 467, Jaggi Scale, 99
Item Box 468, Jaggi Scale, 24
Item Box 469, Jaggi Hide, 99
Item Box 470, Jaggi Hide, 33
Item Box 471, Bird Wyvern Fang, 99
Item Box 472, Bird Wyvern Fang, 39
Item Box 473, Great Jaggi Hide, 99
Item Box 474, Great Jaggi Hide, 41
Item Box 475, Great Jaggi Claw, 99
Item Box 476, Great Jaggi Claw, 15
Item Box 477, King's Frill, 3
Item Box 478, Great Jaggi Head, 1
Item Box 479, Baggi Hide, 70
Item Box 480, Baggi Scale, 94
Item Box 481, Great Baggi Claw, 36
Item Box 482, Leader's Crest, 3
Item Box 483, Qurupeco Scale, 99
Item Box 484, Qurupeco Scale, 2
Item Box 485, Qurupeco Feather, 99
Item Box 486, Qurupeco Feather, 8
Item Box 487, Vivid Feather, 79
Item Box 488, Strange Beak, 3
Item Box 489, Flintstone, 7
Item Box 490, Immature Sponge, 73
Item Box 491, R.Ludroth Scale, 99
Item Box 492, R.Ludroth Scale, 23
Item Box 493, Hydro Hide, 99
Item Box 494, Hydro Hide, 12
Item Box 495, Spongy Hide, 56
Item Box 496, R.Ludroth Claw, 28
Item Box 497, R.Ludroth Tail, 16
Item Box 498, R.Ludroth Crest, 18
Item Box 499, Barroth Shell, 4
Item Box 500, Barroth Scalp, 7
Item Box 501, Barroth Ridge, 44
Item Box 502, Barroth Claw, 6
Item Box 503, Barroth Tail, 6
Item Box 504, Gobul Hide, 67
Item Box 505, Gobul Fin, 22
Item Box 506, Gobul Spike, 22
Item Box 507, Gobul Lantern, 2
Item Box 508, Rathian Scale, 41
Item Box 509, Rathian Shell, 20
Item Box 510, Rathian Spike, 1
Item Box 511, Rathian Webbing, 11
Item Box 512, Rath Talon, 4
Item Box 513, Rath Marrow, 6
Item Box 514, Rathalos Scale, 11
Item Box 515, Rathalos Shell, 4
Item Box 516, Rathalos Webbing, 8
Item Box 517, Rathalos Tail, 1
Item Box 518, Giggi Stinger, 99
Item Box 519, Giggi Stinger, 71
Item Box 520, Flabby Hide, 51
Item Box 521, Uncanny Hide, 6
Item Box 522, Unnerving Talon, 1
Item Box 523, Lagiacrus Scale, 73
Item Box 524, Shell Shocker, 6
Item Box 525, Lagiacrus Hide, 82
Item Box 526, Lagiacrus Claw, 39
Item Box 527, Lagiacrus Plate, 1
Item Box 528, Barioth Pelt, 10
Item Box 529, Barioth Claw, 1
Item Box 530, Barioth Spike, 5
Item Box 531, Barioth Tail, 1
Item Box 532, Diablos Shell, 5
Item Box 533, Diablos Ridge, 3
Item Box 534, Diablos Fang, 3
Item Box 535, Majestic Horn, 1
Item Box 536, Uragaan Scale, 38
Item Box 537, Uragaan Shell, 27
Item Box 538, Uragaan Marrow, 6
Item Box 539, Uragaan Jaw, 6
Item Box 540, Uroktor Scale, 99
Item Box 541, Uroktor Scale, 34
Item Box 542, Agnaktor Scale, 6
Item Box 543, Agnaktor Shell, 3
Item Box 544, Agnaktor Hide, 9
Item Box 545, Agnaktor Claw, 1
Item Box 546, Agnaktor Fin, 3
Item Box 547, Ceadeus Scale, 8
Item Box 548, Ceadeus Hide, 15
Item Box 549, Ceadeus Fur, 3
Item Box 550, Ceadeus Tail, 3
Item Box 551, Crooked Horn, 1
Item Box 552, Luminous Organ, 1
Item Box 553, Great Jaggi Coin, 19
Item Box 554, Qurupeco Coin, 10
Item Box 555, R.Ludroth Coin, 1
Item Box 556, Barroth Coin, 3
Item Box 557, Voucher, 2
Item Box 558, Commendation, 9
Item Box 559, Aquaglow Jewel, 99
Item Box 560, Aquaglow Jewel, 99
Item Box 561, Aquaglow Jewel, 4
Item Box 562, Sunspire Jewel, 99
Item Box 563, Sunspire Jewel, 86
Item Box 564, Paralysis Jewel, 1
Item Box 565, NONE, 0
Item Box 566, Pep Jewel, 1
Item Box 567, Pep Jewel+, 1
Item Box 568, Steadfast Jewel, 4
Item Box 569, Steadfast Jewel+, 5
Item Box 570, Antidote Jewel, 1
Item Box 571, NONE, 0
Item Box 572, Weather Jewel, 1
Item Box 573, Weather Jewel+, 1
Item Box 574, NONE, 0
Item Box 575, Vitality Jewel, 4
Item Box 576, Recovery Jewel, 1
Item Box 577, Razor Jewel, 8
Item Box 578, Handicraft Jewel, 8
Item Box 579, Expert Jewel, 13
Item Box 580, Master Jewel, 3
Item Box 581, Grinder Jewel, 8
Item Box 582, Stone Wall Jewel, 3
Item Box 583, Shield Jewel, 5
Item Box 584, Absorber Jewel, 6
Item Box 585, Forceshot Jewel, 1
Item Box 586, Pellet Jewel, 8
Item Box 587, ShotPlus Jewel, 2
Item Box 588, PelletPlus Jewel, 9
Item Box 589, CragPlus Jewel, 6
Item Box 590, NONE, 0
Item Box 591, Element Jewel, 1
Item Box 592, Lite Eater Jewel, 1
Item Box 593, Hungerless Jewel, 1
Item Box 594, Metabolism Jewel, 1
Item Box 595, Attack Jewel, 11
Item Box 596, Defense Jewel, 9
Item Box 597, Turtle Jewel, 2
Item Box 598, Protection Jewel, 2
Item Box 599, Earplug Jewel, 5
Item Box 600, Alarm Jewel, 1
Item Box 601, Friendship Jewel, 1
Item Box 602, Transportr Jewel, 1
Item Box 603, Crimson Jewel, 2
Item Box 604, Torrent Jewel, 7
Item Box 605, Glacier Jewel, 3
Item Box 606, Storm Jewel, 8
Item Box 607, Breeze Jewel, 6
Item Box 608, Warmth Jewel, 5
Item Box 609, Sandbag Jewel, 1
Item Box 610, Map Jewel, 1
Item Box 611, Gathering Jewel, 1
Item Box 612, Spree Jewel, 1
Item Box 613, Blessing Jewel, 1
Item Box 614, Fisher Jewel, 1
Item Box 615, Psychic Jewel, 2
Item Box 616, Medicine Jewel, 1
Item Box 617, Professor Jewel, 5
Item Box 618, Factory Jewel, 6
Item Box 619, Evade Jewel, 3
Item Box 620, Crisis Jewel, 3
Item Box 621, Enduring Jewel, 2
Item Box 622, Sprinter Jewel, 2
Item Box 623, Sniper Jewel, 1
Item Box 624, Gobbler Jewel, 3
Item Box 625, BBQ Jewel, 2
Item Box 626, TrapMaster Jewel, 5
Item Box 627, Workout Jewel, 6
Item Box 628, Perception Jewel, 1
Item Box 629, Charger Jewel, 3
Item Box 630, Fresh Air Jewel, 1
Item Box 631, Upstream Jewel, 9
Item Box 632, Swimmer Jewel, 5
Item Box 633, Gambit Jewel, 5
Item Box 634, Dung Jewel, 1
Item Box 635, NONE, 0
Item Box 636, NONE, 0
Item Box 637, NONE, 0
Item Box 638, NONE, 0
Item Box 639, NONE, 0
Item Box 640, NONE, 0
Item Box 641, NONE, 0
Item Box 642, NONE, 0
Item Box 643, NONE, 0
Item Box 644, NONE, 0
Item Box 645, NONE, 0
Item Box 646, NONE, 0
Item Box 647, NONE, 0
Item Box 648, NONE, 0
Item Box 649, NONE, 0
Item Box 650, NONE, 0
Item Box 651, NONE, 0
Item Box 652, NONE, 0
Item Box 653, NONE, 0
Item Box 654, NONE, 0
Item Box 655, NONE, 0
Item Box 656, NONE, 0
Item Box 657, NONE, 0
Item Box 658, NONE, 0
Item Box 659, NONE, 0
Item Box 660, NONE, 0
Item Box 661, NONE, 0
Item Box 662, NONE, 0
Item Box 663, NONE, 0
Item Box 664, NONE, 0
Item Box 665, NONE, 0
Item Box 666, NONE, 0
Item Box 667, NONE, 0
Item Box 668, NONE, 0
Item Box 669, NONE, 0
Item Box 670, NONE, 0
Item Box 671, NONE, 0
Item Box 672, NONE, 0
Item Box 673, NONE, 0
Item Box 674, NONE, 0
Item Box 675, NONE, 0
Item Box 676, NONE, 0
Item Box 677, NONE, 0
Item Box 678, NONE, 0
Item Box 679, NONE, 0
Item Box 680, NONE, 0
Item Box 681, NONE, 0
Item Box 682, NONE, 0
Item Box 683, NONE, 0
Item Box 684, NONE, 0
Item Box 685, NONE, 0
Item Box 686, NONE, 0
Item Box 687, NONE, 0
Item Box 688, NONE, 0
Item Box 689, NONE, 0
Item Box 690, NONE, 0
Item Box 691, NONE, 0
Item Box 692, NONE, 0
Item Box 693, NONE, 0
Item Box 694, NONE, 0
Item Box 695, NONE, 0
Item Box 696, NONE, 0
Item Box 697, NONE, 0
Item Box 698, NONE, 0
Item Box 699, NONE, 0
Item Box 700, NONE, 0
Item Box 701, NONE, 0
Item Box 702, NONE, 0
Item Box 703, NONE, 0
Item Box 704, NONE, 0
Item Box 705, NONE, 0
Item Box 706, NONE, 0
Item Box 707, NONE, 0
Item Box 708, NONE, 0
Item Box 709, NONE, 0
Item Box 710, NONE, 0
Item Box 711, NONE, 0
Item Box 712, NONE, 0
Item Box 713, NONE, 0
Item Box 714, NONE, 0
Item Box 715, NONE, 0
Item Box 716, NONE, 0
Item Box 717, NONE, 0
Item Box 718, NONE, 0
Item Box 719, NONE, 0
Item Box 720, NONE, 0
Item Box 721, NONE, 0
Item Box 722, NONE, 0
Item Box 723, NONE, 0
Item Box 724, NONE, 0
Item Box 725, NONE, 0
Item Box 726, NONE, 0
Item Box 727, NONE, 0
Item Box 728, NONE, 0
Item Box 729, NONE, 0
Item Box 730, NONE, 0
Item Box 731, NONE, 0
Item Box 732, NONE, 0
Item Box 733, NONE, 0
Item Box 734, NONE, 0
Item Box 735, NONE, 0
Item Box 736, NONE, 0
Item Box 737, NONE, 0
Item Box 738, NONE, 0
Item Box 739, NONE, 0
Item Box 740, NONE, 0
Item Box 741, NONE, 0
Item Box 742, NONE, 0
Item Box 743, NONE, 0
Item Box 744, NONE, 0
Item Box 745, NONE, 0
Item Box 746, NONE, 0
Item Box 747, NONE, 0
Item Box 748, NONE, 0
Item Box 749, NONE, 0
Item Box 750, NONE, 0
Item Box 751, NONE, 0
Item Box 752, NONE, 0
Item Box 753, NONE, 0
Item Box 754, NONE, 0
Item Box 755, NONE, 0
Item Box 756, NONE, 0
Item Box 757, NONE, 0
Item Box 758, NONE, 0
Item Box 759, NONE, 0
Item Box 760, NONE, 0
Item Box 761, NONE, 0
Item Box 762, NONE, 0
Item Box 763, NONE, 0
Item Box 764, NONE, 0
Item Box 765, NONE, 0
Item Box 766, NONE, 0
Item Box 767, NONE, 0
Item Box 768, NONE, 0
Item Box 769, NONE, 0
Item Box 770, NONE, 0
Item Box 771, NONE, 0
Item Box 772, NONE, 0
Item Box 773, NONE, 0
Item Box 774, NONE, 0
Item Box 775, NONE, 0
Item Box 776, NONE, 0
Item Box 777, NONE, 0
Item Box 778, NONE, 0
Item Box 779, NONE, 0
Item Box 780, NONE, 0
Item Box 781, NONE, 0
Item Box 782, NONE, 0
Item Box 783, NONE, 0
Item Box 784, NONE, 0
Item Box 785, NONE, 0
Item Box 786, NONE, 0
Item Box 787, NONE, 0
Item Box 788, NONE, 0
Item Box 789, NONE, 0
Item Box 790, NONE, 0
Item Box 791, NONE, 0
Item Box 792, NONE, 0
Item Box 793, NONE, 0
Item Box 794, NONE, 0
Item Box 795, NONE, 0
Item Box 796, NONE, 0
Item Box 797, NONE, 0
Item Box 798, NONE, 0
Item Box 799, NONE, 0
Equipment Box 0, Iron Sword+, 1, NONE, NONE, NONE
Equipment Box 1, Iron Sword+, 1, NONE, NONE, NONE
Equipment Box 2, Iron Sword+, 1, NONE, NONE, NONE
Equipment Box 3, Ravager Blade, 1, NONE, NONE, NONE
Equipment Box 4, Chieftain's Grt Swd, 1, NONE, NONE, NONE
Equipment Box 5, Carapace Sword, 1, NONE, NONE, NONE
Equipment Box 6, Lagiacrus Blade, 1, NONE, NONE, NONE
Equipment Box 7, Cataclysm Sword, 1, NONE, NONE, NONE
Equipment Box 8, Jawblade, 1, NONE, NONE, NONE
Equipment Box 9, Giant Jawblade, 1, NONE, NONE, NONE
Equipment Box 10, Golem Blade, 1, NONE, NONE, NONE
Equipment Box 11, Valkyrie Blade, 1, NONE, NONE, NONE
Equipment Box 12, Rusted Great Sword, 1, NONE, NONE, NONE
Equipment Box 13, Ancient Blade, 1, NONE, NONE, NONE
Equipment Box 14, Vulcanis, 1, NONE, NONE, NONE
Equipment Box 15, Hunter's Knife+, 1, NONE, NONE, NONE
Equipment Box 16, Hunter's Knife+, 1, NONE, NONE, NONE
Equipment Box 17, Shadow Saber+, 1, NONE, NONE, NONE
Equipment Box 18, Icicle Spike+, 1, NONE, NONE, NONE
Equipment Box 19, Deadly Knife, 1, NONE, NONE, NONE
Equipment Box 20, Hypnos Knife, 1, NONE, NONE, NONE
Equipment Box 21, Azi Dahaka, 1, NONE, NONE, NONE
Equipment Box 22, Carapace Mace+, 1, NONE, NONE, NONE
Equipment Box 23, Royal Claw, 1, NONE, NONE, NONE
Equipment Box 24, Qurupeco Chopper, 1, NONE, NONE, NONE
Equipment Box 25, Rusted Sword, 1, NONE, NONE, NONE
Equipment Box 26, Eternal Strife, 1, NONE, NONE, NONE
Equipment Box 27, Tusk Gear, 1, NONE, NONE, NONE
Equipment Box 28, Fossil Gear (B), 1, NONE, NONE, NONE
Equipment Box 29, Fossil Gear (Y), 1, NONE, NONE, NONE
Equipment Box 30, Chak Chak, 1, NONE, NONE, NONE
Equipment Box 31, Iron Hammer+, 1, NONE, NONE, NONE
Equipment Box 32, Iron Hammer+, 1, NONE, NONE, NONE
Equipment Box 33, War Hammer+, 1, NONE, NONE, NONE
Equipment Box 34, War Mace, 1, NONE, NONE, NONE
Equipment Box 35, Plume Flint, 1, NONE, NONE, NONE
Equipment Box 36, Red Bludgeon, 1, NONE, NONE, NONE
Equipment Box 37, Paralykeet, 1, NONE, NONE, NONE
Equipment Box 38, Ludroth Bone Maul, 1, NONE, NONE, NONE
Equipment Box 39, Vodyanoy Hammer, 1, NONE, NONE, NONE
Equipment Box 40, Brazenclout, 1, NONE, NONE, NONE
Equipment Box 41, Bone Bludgeon+, 1, NONE, NONE, NONE
Equipment Box 42, Gaiarch (B), 1, NONE, NONE, NONE
Equipment Box 43, Gaiarch (Y), 1, NONE, NONE, NONE
Equipment Box 44, Iron Lance+, 1, NONE, NONE, NONE
Equipment Box 45, Thane Lance, 1, NONE, NONE, NONE
Equipment Box 46, Rampart, 1, NONE, NONE, NONE
Equipment Box 47, Rampart+, 1, NONE, NONE, NONE
Equipment Box 48, Gobulu Muruka, 1, NONE, NONE, NONE
Equipment Box 49, Azure Crest, 1, NONE, NONE, NONE
Equipment Box 50, Rugged Lance, 1, NONE, NONE, NONE
Equipment Box 51, Spiral Lance+, 1, NONE, NONE, NONE
Equipment Box 52, Spiral Lance+, 1, NONE, NONE, NONE
Equipment Box 53, Undertaker, 1, NONE, NONE, NONE
Equipment Box 54, Smalt Crater (R), 1, NONE, NONE, NONE
Equipment Box 55, Smalt Crater (Y), 1, NONE, NONE, NONE
Equipment Box 56, Bone Axe+, 1, NONE, NONE, NONE
Equipment Box 57, Assault Axe+, 1, NONE, NONE, NONE
Equipment Box 58, Blitzkrieg (R), 1, NONE, NONE, NONE
Equipment Box 59, Blitzkrieg (B), 1, NONE, NONE, NONE
Equipment Box 60, Volt Axe (R), 1, NONE, NONE, NONE
Equipment Box 61, Volt Axe (Y), 1, NONE, NONE, NONE
Equipment Box 62, Inceadeus, 1, NONE, NONE, NONE
Equipment Box 63, Rough Edge, 1, NONE, NONE, NONE
Equipment Box 64, Tough Break (R), 1, NONE, NONE, NONE
Equipment Box 65, Tough Break (B), 1, Antidote Jewel+, Paralysis Jewel+, Steadfast Jewel+
Equipment Box 66, Tough Break (Y), 1, NONE, NONE, NONE
Equipment Box 67, Thunderclap, 1, NONE, NONE, NONE
Equipment Box 68, Ananta Boneblade, 1, NONE, NONE, NONE
Equipment Box 69, Ananta Boneblade+, 1, NONE, NONE, NONE
Equipment Box 70, Wyvern Blade Fire, 1, NONE, NONE, NONE
Equipment Box 71, Barbarian Blade, 1, NONE, NONE, NONE
Equipment Box 72, (Frame) Light Bowgun, 4, NONE, NONE, NONE
Equipment Box 73, (Frame) Medium Bowgun, 4, NONE, NONE, NONE
Equipment Box 74, (Frame) Heavy Bowgun, 4, NONE, NONE, NONE
Equipment Box 75, (Frame) Royal Launcher, 4, NONE, NONE, NONE
Equipment Box 76, (Frame) Jaggid Fire, 3, NONE, NONE, NONE
Equipment Box 77, (Frame) Poison Stinger, 3, NONE, NONE, NONE
Equipment Box 78, (Frame) Tropeco Gun, 4, NONE, NONE, NONE
Equipment Box 79, (Barrel) Light Bowgun, 1, NONE, NONE, NONE
Equipment Box 80, (Barrel) Medium Bowgun, 1, NONE, NONE, NONE
Equipment Box 81, (Barrel) Heavy Bowgun, 1, NONE, NONE, NONE
Equipment Box 82, (Barrel) Aquamatic Needler, 1, NONE, NONE, NONE
Equipment Box 83, (Barrel) Royal Launcher, 1, NONE, NONE, NONE
Equipment Box 84, (Barrel) Thundacrus, 1, NONE, NONE, NONE
Equipment Box 85, (Barrel) Thundacrus Rex, 1, NONE, NONE, NONE
Equipment Box 86, (Barrel) Diablazooka, 1, NONE, NONE, NONE
Equipment Box 87, (Stock) Light Bowgun, 1, NONE, NONE, NONE
Equipment Box 88, (Stock) Medium Bowgun, 1, NONE, NONE, NONE
Equipment Box 89, (Stock) Heavy Bowgun, 1, NONE, NONE, NONE
Equipment Box 90, (Stock) Aquamatic Needler, 1, NONE, NONE, NONE
Equipment Box 91, (Stock) Royal Launcher, 1, NONE, NONE, NONE
Equipment Box 92, (Stock) Royal Launcher, 1, NONE, NONE, NONE
Equipment Box 93, (Stock) Jaggid Fire, 1, NONE, NONE, NONE
Equipment Box 94, (Stock) Thundacrus Rex, 1, NONE, NONE, NONE
Equipment Box 95, (Stock) Barrozooka, 1, NONE, NONE, NONE
Equipment Box 96, (Stock) Devil's Grin, 1, NONE, NONE, NONE
Equipment Box 97, Leather Headgear, 1, NONE, NONE, NONE
Equipment Box 98, Piscine Mask, 1, NONE, NONE, NONE
Equipment Box 99, Chainmail Headgear, 4, NONE, NONE, NONE
Equipment Box 100, Hunter's Helm, 1, NONE, NONE, NONE
Equipment Box 101, Bone Helm, 1, NONE, NONE, NONE
Equipment Box 102, Alloy Helm, 1, NONE, NONE, NONE
Equipment Box 103, Jaggi Helm, 8, NONE, NONE, NONE
Equipment Box 104, Rhenoplos Helm, 3, NONE, NONE, NONE
Equipment Box 105, Rhenoplos Cap, 1, NONE, NONE, NONE
Equipment Box 106, Qurupeco Helm, 4, NONE, NONE, NONE
Equipment Box 107, Ludroth Helm, 7, NONE, NONE, NONE
Equipment Box 108, Ludroth Cap, 4, NONE, NONE, NONE
Equipment Box 109, Baggi Helm, 7, NONE, NONE, NONE
Equipment Box 110, Baggi Cap, 1, NONE, NONE, NONE
Equipment Box 111, Barroth Helm, 7, NONE, NONE, NONE
Equipment Box 112, Gobul Helm, 1, NONE, NONE, NONE
Equipment Box 113, Rathian Helm, 4, NONE, NONE, NONE
Equipment Box 114, Ingot Helm, 1, NONE, NONE, NONE
Equipment Box 115, Ingot Cap, 1, NONE, NONE, NONE
Equipment Box 116, Lagiacrus Helm, 6, NONE, NONE, NONE
Equipment Box 117, Rathalos Helm, 4, NONE, NONE, NONE
Equipment Box 118, Barioth Helm, 6, Attack Jewel, NONE, NONE
Equipment Box 119, Uragaan Helm, 5, NONE, NONE, NONE
Equipment Box 120, Selene Helm, 5, NONE, NONE, NONE
Equipment Box 121, Skull Mask, 4, NONE, NONE, NONE
Equipment Box 122, Leather Vest, 1, NONE, NONE, NONE
Equipment Box 123, Chainmail Vest, 4, NONE, NONE, NONE
Equipment Box 124, Loc Lac Shawl, 1, NONE, NONE, NONE
Equipment Box 125, Hunter's Mail, 1, NONE, NONE, NONE
Equipment Box 126, Bone Mail, 1, NONE, NONE, NONE
Equipment Box 127, Alloy Mail, 1, NONE, NONE, NONE
Equipment Box 128, Jaggi Mail, 7, NONE, NONE, NONE
Equipment Box 129, Jaggi Vest, 4, NONE, NONE, NONE
Equipment Box 130, Rhenoplos Mail, 4, NONE, NONE, NONE
Equipment Box 131, Rhenoplos Vest, 4, NONE, NONE, NONE
Equipment Box 132, Qurupeco Mail, 4, NONE, NONE, NONE
Equipment Box 133, Ludroth Mail, 7, NONE, NONE, NONE
Equipment Box 134, Ludroth Vest, 7, NONE, NONE, NONE
Equipment Box 135, Baggi Mail, 4, NONE, NONE, NONE
Equipment Box 136, Barroth Mail, 4, NONE, NONE, NONE
Equipment Box 137, Gobul Mail, 1, NONE, NONE, NONE
Equipment Box 138, Gigginox Mail, 7, NONE, NONE, NONE
Equipment Box 139, Ingot Mail, 1, NONE, NONE, NONE
Equipment Box 140, Ingot Vest, 1, NONE, NONE, NONE
Equipment Box 141, Lagiacrus Mail, 5, NONE, NONE, NONE
Equipment Box 142, Rathalos Mail, 5, NONE, NONE, NONE
Equipment Box 143, Barioth Mail, 6, Attack Jewel, NONE, NONE
Equipment Box 144, Leather Gloves, 1, NONE, NONE, NONE
Equipment Box 145, Chainmail Gloves, 4, NONE, NONE, NONE
Equipment Box 146, Hunter's Vambraces, 1, NONE, NONE, NONE
Equipment Box 147, Bone Vambraces, 1, NONE, NONE, NONE
Equipment Box 148, Alloy Vambraces, 1, NONE, NONE, NONE
Equipment Box 149, Jaggi Vambraces, 5, NONE, NONE, NONE
Equipment Box 150, Jaggi Guards, 1, NONE, NONE, NONE
Equipment Box 151, Rhenoplos Vambraces, 2, NONE, NONE, NONE
Equipment Box 152, Rhenoplos Guards, 1, NONE, NONE, NONE
Equipment Box 153, Qurupeco Vambraces, 4, NONE, NONE, NONE
Equipment Box 154, Ludroth Vambraces, 7, NONE, NONE, NONE
Equipment Box 155, Baggi Vambraces, 4, NONE, NONE, NONE
Equipment Box 156, Baggi Guards, 1, NONE, NONE, NONE
Equipment Box 157, Barroth Vambraces, 4, NONE, NONE, NONE
Equipment Box 158, Gobul Vambraces, 1, Disabler Jewel, Ninja Jewel, NONE
Equipment Box 159, Rathian Vambraces, 4, NONE, NONE, NONE
Equipment Box 160, Gigginox Vambraces, 7, NONE, NONE, NONE
Equipment Box 161, Ingot Vambraces, 4, NONE, NONE, NONE
Equipment Box 162, Ingot Guards, 1, NONE, NONE, NONE
Equipment Box 163, Lagiacrus Vambraces, 6, NONE, NONE, NONE
Equipment Box 164, Lagiacrus Guards, 6, NONE, NONE, NONE
Equipment Box 165, Barioth Vambraces, 5, NONE, NONE, NONE
Equipment Box 166, Uragaan Vambraces, 5, NONE, NONE, NONE
Equipment Box 167, Selene Vambraces, 5, NONE, NONE, NONE
Equipment Box 168, Leather Belt, 1, NONE, NONE, NONE
Equipment Box 169, Piscine Belt, 1, NONE, NONE, NONE
Equipment Box 170, Chainmail Belt, 4, NONE, NONE, NONE
Equipment Box 171, Loc Lac Kilt, 1, NONE, NONE, NONE
Equipment Box 172, Hunter's Faulds, 1, NONE, NONE, NONE
Equipment Box 173, Bone Faulds, 1, NONE, NONE, NONE
Equipment Box 174, Alloy Coil, 1, NONE, NONE, NONE
Equipment Box 175, Jaggi Faulds, 5, NONE, NONE, NONE
Equipment Box 176, Bnahabra Coil, 8, NONE, NONE, NONE
Equipment Box 177, Bnahabra Coat, 4, NONE, NONE, NONE
Equipment Box 178, Rhenoplos Coil, 4, NONE, NONE, NONE
Equipment Box 179, Rhenoplos Coat, 1, NONE, NONE, NONE
Equipment Box 180, Qurupeco Coil, 4, NONE, NONE, NONE
Equipment Box 181, Ludroth Faulds, 7, NONE, NONE, NONE
Equipment Box 182, Ludroth Coat, 1, NONE, NONE, NONE
Equipment Box 183, Baggi Coil, 4, NONE, NONE, NONE
Equipment Box 184, Baggi Coat, 1, NONE, NONE, NONE
Equipment Box 185, Barroth Faulds, 4, NONE, NONE, NONE
Equipment Box 186, Rathian Faulds, 7, NONE, NONE, NONE
Equipment Box 187, Gigginox Faulds, 7, NONE, NONE, NONE
Equipment Box 188, Ingot Coil, 1, NONE, NONE, NONE
Equipment Box 189, Ingot Coat, 1, NONE, NONE, NONE
Equipment Box 190, Rathalos Faulds, 6, NONE, NONE, NONE
Equipment Box 191, Barioth Faulds, 5, NONE, NONE, NONE
Equipment Box 192, Uragaan Faulds, 5, NONE, NONE, NONE
Equipment Box 193, Selene Coil, 5, NONE, NONE, NONE
Equipment Box 194, Leather Pants, 1, NONE, NONE, NONE
Equipment Box 195, Piscine Leggings, 1, NONE, NONE, NONE
Equipment Box 196, Chainmail Pants, 4, NONE, NONE, NONE
Equipment Box 197, Loc Lac Boots, 1, NONE, NONE, NONE
Equipment Box 198, Hunter's Greaves, 1, NONE, NONE, NONE
Equipment Box 199, Bone Greaves, 1, NONE, NONE, NONE
Equipment Box 200, Alloy Greaves, 1, NONE, NONE, NONE
Equipment Box 201, Jaggi Greaves, 5, NONE, NONE, NONE
Equipment Box 202, Rhenoplos Greaves, 1, NONE, NONE, NONE
Equipment Box 203, Rhenoplos Leggings, 1, NONE, NONE, NONE
Equipment Box 204, Qurupeco Greaves, 1, NONE, NONE, NONE
Equipment Box 205, Ludroth Greaves, 7, NONE, NONE, NONE
Equipment Box 206, Ludroth Leggings, 7, NONE, NONE, NONE
Equipment Box 207, Baggi Greaves, 4, NONE, NONE, NONE
Equipment Box 208, Baggi Leggings, 1, NONE, NONE, NONE
Equipment Box 209, Barroth Greaves, 4, NONE, NONE, NONE
Equipment Box 210, Gobul Greaves, 1, NONE, NONE, NONE
Equipment Box 211, Rathian Greaves, 4, NONE, NONE, NONE
Equipment Box 212, Gigginox Greaves, 7, NONE, NONE, NONE
Equipment Box 213, Ingot Greaves, 1, NONE, NONE, NONE
Equipment Box 214, Ingot Leggings, 1, NONE, NONE, NONE
Equipment Box 215, Lagiacrus Greaves, 6, NONE, NONE, NONE
Equipment Box 216, Rathalos Greaves, 5, NONE, NONE, NONE
Equipment Box 217, Barioth Greaves, 5, Assault Jewel, NONE, NONE
Equipment Box 218, Uragaan Greaves, 5, NONE, NONE, NONE
Equipment Box 219, Selene Greaves, 5, NONE, NONE, NONE
Equipment Box 220, Rook Talisman, 0, Expert, Stun, NONE, 6, -10
Equipment Box 221, Rook Talisman, 1, NONE, Bomb Boost, NONE, 5, -10
Equipment Box 222, Rook Talisman, 1, NONE, NONE, NONE, -10, -10
Equipment Box 223, Rook Talisman, 0, Attack, Wind Res, NONE, 6, -10
Equipment Box 224, Rook Talisman, 0, Spd Gather, Rec Level, NONE, 6, -10
Equipment Box 225, Rook Talisman, 1, NONE, Precision, NONE, 8, -10
Equipment Box 226, Rook Talisman, 0, Attack, NONE, NONE, 6, -10
Equipment Box 227, Rook Talisman, 2, NONE, NONE, NONE, -10, -10
Equipment Box 228, Rook Talisman, 0, Mud/Snow, Heat Res, NONE, 8, 5
Equipment Box 229, Rook Talisman, 1, NONE, Bomb Boost, NONE, 4, -10
Equipment Box 230, Rook Talisman, 1, NONE, Psychic, NONE, 4, -10
Equipment Box 231, Rook Talisman, 1, NONE, Combo Plus, NONE, 8, -10
Equipment Box 232, Rook Talisman, 1, NONE, Rec Level, NONE, 4, -10
Equipment Box 233, Rook Talisman, 0, Spd Gather, Gluttony, NONE, 6, -10
Equipment Box 234, Rook Talisman, 0, Crit Draw, Cold Res, NONE, 6, -10
Equipment Box 235, Rook Talisman, 0, Poison, Precision, NONE, 6, -10
Equipment Box 236, Rook Talisman, 1, NONE, Expert, NONE, 4, -10
Equipment Box 237, Rook Talisman, 0, Dungmaster, Paralysis, NONE, 6, -10
Equipment Box 238, Rook Talisman, 0, Rec Level, Wind Res, NONE, 6, -10
Equipment Box 239, Rook Talisman, 0, Combo Rate, Cold Res, NONE, 10, 5
Equipment Box 240, Rook Talisman, 1, NONE, Oxygen, NONE, 8, -10
Equipment Box 241, Rook Talisman, 0, Protection, NONE, NONE, 6, -10
Equipment Box 242, Rook Talisman, 1, NONE, Combo Rate, NONE, 9, -10
Equipment Box 243, Rook Talisman, 1, NONE, NONE, NONE, -10, -10
Equipment Box 244, Rook Talisman, 0, Anti-Theft, ThunderRes, NONE, 8, 5
Equipment Box 245, Rook Talisman, 1, NONE, Rec Level, NONE, 4, -10
Equipment Box 246, Rook Talisman, 0, SpeedSetup, Combo Rate, NONE, 8, 5
Equipment Box 247, Rook Talisman, 1, NONE, Swimming, NONE, 4, -10
Equipment Box 248, Rook Talisman, 0, Constitutn, Evasion, NONE, 6, -10
Equipment Box 249, Knight Talisman, 0, Gathering, Dungmaster, NONE, 5, -10
Equipment Box 250, Knight Talisman, 0, Rec Speed, NONE, NONE, 4, -10
Equipment Box 251, Knight Talisman, 0, Evasion, SpeedSetup, NONE, 5, -10
Equipment Box 252, Knight Talisman, 0, Evasion, Stun, NONE, 4, -10
Equipment Box 253, Knight Talisman, 0, Crag S+, NONE, NONE, 1, -10
Equipment Box 254, Knight Talisman, 0, Perception, Health, NONE, 9, -10
Equipment Box 255, Knight Talisman, 0, Reload Spd, Water Res, NONE, 5, -10
Equipment Box 256, Knight Talisman, 0, Expert, Clust S+, NONE, 4, -10
Equipment Box 257, Knight Talisman, 0, Pellet S+, NONE, NONE, 1, -10
Equipment Box 258, Knight Talisman, 0, Crag S+, NONE, NONE, 2, -10
Equipment Box 259, Knight Talisman, 0, Hunger, Sharpener, NONE, 4, -10
Equipment Box 260, Knight Talisman, 0, Crit Draw, NONE, NONE, 4, -10
Equipment Box 261, Knight Talisman, 0, Bomb Boost, NONE, NONE, 1, -10
Equipment Box 262, Knight Talisman, 0, Flame Aura, Reload Spd, NONE, 4, -10
Equipment Box 263, Knight Talisman, 0, Constitutn, NONE, NONE, 2, -10
Equipment Box 264, Knight Talisman, 0, Potential, Clust S+, NONE, 4, -10
Equipment Box 265, Knight Talisman, 0, Wind Res, Pellet S+, NONE, 4, -10
Equipment Box 266, Knight Talisman, 0, Psychic, NONE, NONE, 2, -10
Equipment Box 267, Knight Talisman, 0, Swimming, NONE, NONE, 5, -10
Equipment Box 268, Knight Talisman, 0, Crit Draw, NONE, NONE, 2, -10
Equipment Box 269, Knight Talisman, 0, Poison, NONE, NONE, 2, -10
Equipment Box 270, Knight Talisman, 0, Constitutn, NONE, NONE, 5, -10
Equipment Box 271, Knight Talisman, 0, Flame Aura, Dragon Res, NONE, 4, -10
Equipment Box 272, Knight Talisman, 0, Tremor Res, NONE, NONE, 2, -10
Equipment Box 273, Knight Talisman, 0, Guard, NONE, NONE, 1, -10
Equipment Box 274, Knight Talisman, 0, Rec Speed, Rec Level, NONE, 5, -10
Equipment Box 275, Knight Talisman, 0, Bomb Boost, SpeedSetup, NONE, 4, -10
Equipment Box 276, Knight Talisman, 0, Health, NONE, NONE, 5, -10
Equipment Box 277, Knight Talisman, 0, Tremor Res, NONE, NONE, 1, -10
Equipment Box 278, Knight Talisman, 0, Crit Draw, Health, NONE, 4, -10
Equipment Box 279, Knight Talisman, 0, Expert, SpeedSetup, NONE, 4, -10
Equipment Box 280, Knight Talisman, 0, Reload Spd, Bomb Boost, NONE, 5, -10
Equipment Box 281, Knight Talisman, 0, Protection, Whim, NONE, 4, -10
Equipment Box 282, Knight Talisman, 0, Defense, Bomb Boost, NONE, 4, -10
Equipment Box 283, Knight Talisman, 0, Rec Level, Anti-Theft, NONE, 5, -10
Equipment Box 284, Knight Talisman, 0, Cold Res, Swimming, NONE, 8, -10
Equipment Box 285, Knight Talisman, 0, Tremor Res, NONE, NONE, 1, -10
Equipment Box 286, Knight Talisman, 0, Rec Speed, NONE, NONE, 3, -10
Equipment Box 287, Knight Talisman, 0, Attack, Wind Res, NONE, 4, -10
Equipment Box 288, Knight Talisman, 0, Poison, Anti-Theft, NONE, 4, -10
Equipment Box 289, Knight Talisman, 0, Protection, SpeedSetup, NONE, 4, -10
Equipment Box 290, Knight Talisman, 0, Clust S+, Wind Res, NONE, 4, -10
Equipment Box 291, Knight Talisman, 0, Attack, Sense, NONE, 5, -10
Equipment Box 292, Knight Talisman, 0, Gathering, Dragon Res, NONE, 5, -10
Equipment Box 293, Knight Talisman, 0, Spd Gather, Wide-Range, NONE, 4, -10
Equipment Box 294, Knight Talisman, 0, Gathering, NONE, NONE, 5, -10
Equipment Box 295, Knight Talisman, 0, Pellet S+, NONE, NONE, 4, -10
Equipment Box 296, Knight Talisman, 0, Guard, Attack, NONE, 4, -10
Equipment Box 297, Knight Talisman, 0, Poison, NONE, NONE, 3, -10
Equipment Box 298, Knight Talisman, 0, Dungmaster, NONE, NONE, 1, -10
Equipment Box 299, Knight Talisman, 0, Reload Spd, Paralysis, NONE, 4, -10
Equipment Box 300, Knight Talisman, 0, Gathering, Wide-Range, NONE, 4, -10
Equipment Box 301, Knight Talisman, 0, Rec Speed, Ice Res, NONE, 4, -10
Equipment Box 302, Knight Talisman, 0, Eating, Stun, NONE, 5, -10
Equipment Box 303, Knight Talisman, 0, Hunger, NONE, NONE, 3, -10
Equipment Box 304, Knight Talisman, 0, Map, Expert, NONE, 9, -10
Equipment Box 305, Knight Talisman, 0, Eating, NONE, NONE, 2, -10
Equipment Box 306, Knight Talisman, 0, Wind Res, NONE, NONE, 3, -10
Equipment Box 307, Knight Talisman, 0, Water Res, Expert, NONE, 9, -10
Equipment Box 308, Knight Talisman, 0, Evasion, NONE, NONE, 1, -10
Equipment Box 309, Knight Talisman, 0, Defense, LastingPwr, NONE, 4, -10
Equipment Box 310, Knight Talisman, 0, Wide-Range, Fire Res, NONE, 5, -10
Equipment Box 311, Knight Talisman, 0, Rec Level, NONE, NONE, 3, -10
Equipment Box 312, Knight Talisman, 0, Evasion, NONE, NONE, 2, -10
Equipment Box 313, Knight Talisman, 0, Constitutn, NONE, NONE, 5, -10
Equipment Box 314, Knight Talisman, 0, Hunger, Attack, NONE, 5, -10
Equipment Box 315, Knight Talisman, 0, Reload Spd, Wide-Range, NONE, 4, -10
Equipment Box 316, Knight Talisman, 0, Paralysis, Crit Draw, NONE, 8, -10
Equipment Box 317, Knight Talisman, 0, Guard Up, NONE, NONE, 1, -10
Equipment Box 318, Knight Talisman, 0, Psychic, NONE, NONE, 1, -10
Equipment Box 319, Knight Talisman, 0, Rec Level, NONE, NONE, 1, -10
Equipment Box 320, Knight Talisman, 0, Wind Res, NONE, NONE, 3, -10
Equipment Box 321, Knight Talisman, 0, Combo Plus, Crag S+, NONE, 8, -10
Equipment Box 322, Knight Talisman, 0, Health, Guard Up, NONE, 5, -10
Equipment Box 323, Knight Talisman, 0, Attack, NONE, NONE, 1, -10
Equipment Box 324, Knight Talisman, 0, Dungmaster, Anti-Theft, NONE, 5, -10
Equipment Box 325, Knight Talisman, 0, Guard, Sleep, NONE, 5, -10
Equipment Box 326, Knight Talisman, 0, Attack, NONE, NONE, 3, -10
Equipment Box 327, Knight Talisman, 0, Rec Level, Water Res, NONE, 4, -10
Equipment Box 328, Knight Talisman, 0, Eating, Anti-Theft, NONE, 5, -10
Equipment Box 329, Knight Talisman, 0, Clust S+, NONE, NONE, 3, -10
Equipment Box 330, Knight Talisman, 0, Swimming, NONE, NONE, 1, -10
Equipment Box 331, Bishop Talisman, 0, SpeedSetup, Transportr, NONE, 9, -5
Equipment Box 332, Bishop Talisman, 1, NONE, NONE, NONE, -10, -10
Equipment Box 333, Bishop Talisman, 0, Fire Res, Fishing, NONE, 10, -10
Equipment Box 334, Bishop Talisman, 0, Combo Rate, Perception, NONE, 10, -10
Equipment Box 335, Bishop Talisman, 0, Ice Res, Perception, NONE, 8, -5
Equipment Box 336, Bishop Talisman, 0, Dragon Res, Stun, NONE, 8, -10
Equipment Box 337, Bishop Talisman, 0, Combo Plus, Whim, NONE, 8, -10
Equipment Box 338, Bishop Talisman, 1, NONE, NONE, NONE, -10, -10
Equipment Box 339, Bishop Talisman, 0, Precision, Sleep, NONE, 10, -10
Equipment Box 340, Bishop Talisman, 0, Fishing, Water Res, NONE, 8, -10
Equipment Box 341, Bishop Talisman, 0, Transportr, NONE, NONE, 9, -10
Equipment Box 342, Bishop Talisman, 0, SpeedSetup, NONE, NONE, 8, -10
Equipment Box 343, Bishop Talisman, 0, Precision, NONE, NONE, 9, -10
Equipment Box 344, Bishop Talisman, 0, Dragon Res, SpeedSetup, NONE, 9, -10
Equipment Box 345, Bishop Talisman, 0, Anti-Theft, Sense, NONE, 9, -10
Equipment Box 346, Bishop Talisman, 0, Whim, Oxygen, NONE, 8, -10
Equipment Box 347, Bishop Talisman, 0, Stun, Precision, NONE, 8, -5
Equipment Box 348, Bishop Talisman, 0, Paralysis, Heat Res, NONE, 8, -10
Equipment Box 349, Bishop Talisman, 0, SpeedSetup, Gluttony, NONE, 10, -5
Equipment Box 350, Bishop Talisman, 0, ThunderRes, Map, NONE, 8, -5
Equipment Box 351, Bishop Talisman, 0, Stun, NONE, NONE, 10, -10
Equipment Box 352, Bishop Talisman, 0, CurrentRes, NONE, NONE, 10, -10
Equipment Box 353, Bishop Talisman, 0, Oxygen, Gluttony, NONE, 10, -10
Equipment Box 354, Bishop Talisman, 0, Combo Rate, NONE, NONE, 10, -10
Equipment Box 355, Bishop Talisman, 0, Cold Res, LastingPwr, NONE, 8, -10
Equipment Box 356, Bishop Talisman, 0, Paralysis, SpeedSetup, NONE, 8, -10
Equipment Box 357, Bishop Talisman, 0, Heat Res, Stun, NONE, 8, -10
Equipment Box 358, Bishop Talisman, 0, Sleep, Fire Res, NONE, 8, -5
Equipment Box 359, Bishop Talisman, 0, Anti-Theft, Fishing, NONE, 10, -5
Equipment Box 360, Bishop Talisman, 0, Whim, NONE, NONE, 9, -10
Equipment Box 361, Bishop Talisman, 0, SpeedSetup, Stun, NONE, 8, -10
Equipment Box 362, Bishop Talisman, 0, Gluttony, Whim, NONE, 9, -10
Equipment Box 363, Bishop Talisman, 1, NONE, NONE, NONE, -10, -10
Equipment Box 364, Bishop Talisman, 0, Anti-Theft, SpeedSetup, NONE, 8, -5
Equipment Box 365, Bishop Talisman, 0, Anti-Theft, Gluttony, NONE, 9, -10
Equipment Box 366, Bishop Talisman, 1, NONE, NONE, NONE, -10, -10
Equipment Box 367, Bishop Talisman, 0, Map, Transportr, NONE, 9, -10
Equipment Box 368, Bishop Talisman, 0, Oxygen, Ice Res, NONE, 9, -10
Equipment Box 369, Bishop Talisman, 0, Combo Rate, ThunderRes, NONE, 9, -5
Equipment Box 370, Bishop Talisman, 0, Gluttony, BBQ, NONE, 10, -5
Equipment Box 371, Bishop Talisman, 0, Stun, Anti-Theft, NONE, 9, -5
Equipment Box 372, Bishop Talisman, 0, Ice Res, Perception, NONE, 8, -5
Equipment Box 373, Bishop Talisman, 0, Oxygen, Cold Res, NONE, 9, -5
Equipment Box 374, Bishop Talisman, 0, Ice Res, Map, NONE, 8, -10
Equipment Box 375, Bishop Talisman, 0, Anti-Theft, ThunderRes, NONE, 10, -5
Equipment Box 376, Bishop Talisman, 0, ThunderRes, NONE, NONE, 10, -10
Equipment Box 377, Bishop Talisman, 0, Stun, NONE, NONE, 8, -10
Equipment Box 378, Pawn Talisman, 0, Auto-Guard, NONE, NONE, 10, -10
Equipment Box 379, Pawn Talisman, 0, Water Res, NONE, NONE, 2, -10
Equipment Box 380, Pawn Talisman, 0, Gluttony, Combo Rate, NONE, 6, -10
Equipment Box 381, Pawn Talisman, 0, Mud/Snow, ThunderRes, NONE, 5, -10
Equipment Box 382, Pawn Talisman, 0, Whim, Stun, NONE, 6, -10
Equipment Box 383, Pawn Talisman, 0, Combo Plus, NONE, NONE, 2, -10
Equipment Box 384, Pawn Talisman, 0, Fire Res, Sense, NONE, 5, -10
Equipment Box 385, Pawn Talisman, 0, Map, NONE, NONE, 6, -10
Equipment Box 386, Pawn Talisman, 0, Stun, NONE, NONE, 1, -10
Equipment Box 387, Pawn Talisman, 0, Heat Res, NONE, NONE, 2, -10
Equipment Box 388, Pawn Talisman, 0, Precision, Transportr, NONE, 5, -10
Equipment Box 389, Pawn Talisman, 0, SpeedSetup, NONE, NONE, 3, -10
Equipment Box 390, Pawn Talisman, 0, LastingPwr, NONE, NONE, 1, -10
Equipment Box 391, Pawn Talisman, 0, LastingPwr, NONE, NONE, 4, -10
Equipment Box 392, Pawn Talisman, 0, CurrentRes, NONE, NONE, 4, -10
Equipment Box 393, Pawn Talisman, 0, Ice Res, NONE, NONE, 3, -10
Equipment Box 394, Pawn Talisman, 0, ThunderRes, NONE, NONE, 5, -10
Equipment Box 395, Pawn Talisman, 0, Combo Rate, CurrentRes, NONE, 5, -10
Equipment Box 396, Pawn Talisman, 0, CurrentRes, NONE, NONE, 3, -10
Equipment Box 397, Pawn Talisman, 0, Map, Oxygen, NONE, 5, -10
Equipment Box 398, Pawn Talisman, 0, Sense, NONE, NONE, 4, -10
Equipment Box 399, Pawn Talisman, 0, BBQ, Map, NONE, 6, -10
Equipment Box 400, Pawn Talisman, 0, Sense, Combo Plus, NONE, 6, -10
Equipment Box 401, Pawn Talisman, 0, Mud/Snow, Sleep, NONE, 5, -10
Equipment Box 402, Pawn Talisman, 0, Water Res, ThunderRes, NONE, 5, -10
Equipment Box 403, Pawn Talisman, 0, Combo Plus, Paralysis, NONE, 6, -10
Equipment Box 404, Pawn Talisman, 0, Gluttony, NONE, NONE, 1, -10
Equipment Box 405, Pawn Talisman, 0, Ice Res, NONE, NONE, 1, -10
Equipment Box 406, Pawn Talisman, 0, Gluttony, NONE, NONE, 5, -10
Equipment Box 407, Pawn Talisman, 0, Sense, Dragon Res, NONE, 7, -10
Equipment Box 408, Pawn Talisman, 0, Precision, NONE, NONE, 4, -10
Equipment Box 409, Pawn Talisman, 0, Water Res, Sense, NONE, 7, -10
Equipment Box 410, Pawn Talisman, 0, Precision, NONE, NONE, 1, -10
Equipment Box 411, Pawn Talisman, 0, Water Res, CurrentRes, NONE, 6, -10
Equipment Box 412, Pawn Talisman, 0, Perception, NONE, NONE, 3, -10
Equipment Box 413, Pawn Talisman, 0, Combo Rate, CurrentRes, NONE, 5, -10
Equipment Box 414, Pawn Talisman, 0, Map, Perception, NONE, 5, -10
Equipment Box 415, Pawn Talisman, 0, SpeedSetup, NONE, NONE, 1, -10
Equipment Box 416, Pawn Talisman, 0, Combo Plus, NONE, NONE, 4, -10
Equipment Box 417, Pawn Talisman, 0, Fire Res, Combo Rate, NONE, 5, -10
Equipment Box 418, Pawn Talisman, 0, LastingPwr, NONE, NONE, 3, -10
Equipment Box 419, Pawn Talisman, 0, SpeedSetup, Mud/Snow, NONE, 5, -10
Equipment Box 420, Pawn Talisman, 0, Map, Paralysis, NONE, 7, -10
Equipment Box 421, Pawn Talisman, 0, Map, NONE, NONE, 7, -10
Equipment Box 422, Pawn Talisman, 0, ThunderRes, NONE, NONE, 7, -10
Equipment Box 423, Pawn Talisman, 0, Precision, Heat Res, NONE, 5, -10
Equipment Box 424, Pawn Talisman, 0, ThunderRes, Fire Res, NONE, 6, -10
Equipment Box 425, Pawn Talisman, 0, Whim, NONE, NONE, 3, -10
Equipment Box 426, Pawn Talisman, 0, SpeedSetup, NONE, NONE, 2, -10
Equipment Box 427, Pawn Talisman, 0, SpeedSetup, NONE, NONE, 5, -10
Equipment Box 428, Pawn Talisman, 0, Heat Res, Sleep, NONE, 6, -10
Equipment Box 429, Pawn Talisman, 0, Combo Rate, NONE, NONE, 6, -10
Equipment Box 430, Pawn Talisman, 0, Combo Plus, NONE, NONE, 5, -10
Equipment Box 431, Pawn Talisman, 0, Combo Plus, NONE, NONE, 7, -10
Equipment Box 432, Pawn Talisman, 0, Transportr, NONE, NONE, 3, -10
Equipment Box 433, Pawn Talisman, 0, Water Res, Ice Res, NONE, 7, -10
Equipment Box 434, Pawn Talisman, 0, Combo Plus, NONE, NONE, 3, -10
Equipment Box 435, Pawn Talisman, 0, Water Res, NONE, NONE, 7, -10
Equipment Box 436, Pawn Talisman, 0, BBQ, NONE, NONE, 1, -10
Equipment Box 437, Pawn Talisman, 0, Sleep, NONE, NONE, 3, -10
Equipment Box 438, Pawn Talisman, 0, Ice Res, Paralysis, NONE, 6, -10
Equipment Box 439, Pawn Talisman, 0, Whim, NONE, NONE, 1, -10
Equipment Box 440, Pawn Talisman, 0, Stun, NONE, NONE, 3, -10
Equipment Box 441, Pawn Talisman, 0, Precision, Combo Plus, NONE, 5, -10
Equipment Box 442, Pawn Talisman, 0, Combo Plus, Anti-Theft, NONE, 6, -10
Equipment Box 443, Pawn Talisman, 0, Paralysis, NONE, NONE, 5, -10
Equipment Box 444, Pawn Talisman, 0, Perception, NONE, NONE, 2, -10
Equipment Box 445, Pawn Talisman, 0, Fishing, NONE, NONE, 5, -10
Equipment Box 446, Pawn Talisman, 0, Dragon Res, Fire Res, NONE, 6, -10
Equipment Box 447, Pawn Talisman, 0, Anti-Theft, Fishing, NONE, 7, -10
Equipment Box 448, Pawn Talisman, 0, Ice Res, NONE, NONE, 1, -10
Equipment Box 449, Pawn Talisman, 0, SpeedSetup, Perception, NONE, 5, -10
Equipment Box 450, Pawn Talisman, 0, Map, NONE, NONE, 4, -10
Equipment Box 451, Pawn Talisman, 0, Perception, NONE, NONE, 7, -10
Equipment Box 452, Pawn Talisman, 0, BBQ, NONE, NONE, 2, -10
Equipment Box 453, Pawn Talisman, 0, Precision, Mud/Snow, NONE, 6, -10
Equipment Box 454, Pawn Talisman, 0, Precision, NONE, NONE, 1, -10
Equipment Box 455, Pawn Talisman, 0, CurrentRes, NONE, NONE, 3, -10
Equipment Box 456, Pawn Talisman, 0, BBQ, NONE, NONE, 6, -10
Equipment Box 457, Pawn Talisman, 0, Sleep, NONE, NONE, 4, -10
Equipment Box 458, Pawn Talisman, 0, Whim, NONE, NONE, 4, -10
Equipment Box 459, Pawn Talisman, 0, Precision, NONE, NONE, 4, -10
Equipment Box 460, Pawn Talisman, 0, Combo Rate, Heat Res, NONE, 7, -10
Equipment Box 461, Pawn Talisman, 0, Anti-Theft, ThunderRes, NONE, 5, -10
Equipment Box 462, Pawn Talisman, 0, BBQ, NONE, NONE, 2, -10
Equipment Box 463, Pawn Talisman, 0, SpeedSetup, NONE, NONE, 2, -10
Equipment Box 464, Pawn Talisman, 0, Ice Res, Transportr, NONE, 7, -10
Equipment Box 465, Pawn Talisman, 0, Dragon Res, NONE, NONE, 2, -10
Equipment Box 466, Pawn Talisman, 0, Combo Plus, NONE, NONE, 1, -10
Equipment Box 467, Pawn Talisman, 0, Fishing, Sleep, NONE, 5, -10
Equipment Box 468, Pawn Talisman, 0, Whim, Stun, NONE, 7, -10
Equipment Box 469, Pawn Talisman, 0, Combo Plus, NONE, NONE, 7, -10
Equipment Box 470, Pawn Talisman, 0, Map, Oxygen, NONE, 6, -10
Equipment Box 471, Pawn Talisman, 0, Combo Plus, NONE, NONE, 1, -10
Equipment Box 472, Pawn Talisman, 0, Gluttony, NONE, NONE, 6, -10
Equipment Box 473, Pawn Talisman, 0, Oxygen, NONE, NONE, 2, -10
Equipment Box 474, Pawn Talisman, 0, Anti-Theft, Dragon Res, NONE, 7, -10
Equipment Box 475, Pawn Talisman, 0, CurrentRes, NONE, NONE, 3, -10
Equipment Box 476, Pawn Talisman, 0, Stun, NONE, NONE, 5, -10
Equipment Box 477, Pawn Talisman, 0, Anti-Theft, Whim, NONE, 5, -10
Equipment Box 478, Pawn Talisman, 0, Water Res, Whim, NONE, 5, -10
Equipment Box 479, Pawn Talisman, 0, Gluttony, NONE, NONE, 1, -10
Equipment Box 480, Pawn Talisman, 0, Heat Res, NONE, NONE, 1, -10
Equipment Box 481, Pawn Talisman, 0, Fire Res, NONE, NONE, 3, -10
Equipment Box 482, Pawn Talisman, 0, Map, NONE, NONE, 3, -10
Equipment Box 483, Pawn Talisman, 0, Anti-Theft, NONE, NONE, 3, -10
Equipment Box 484, Pawn Talisman, 0, LastingPwr, Paralysis, NONE, 6, -10
Equipment Box 485, Pawn Talisman, 0, Fishing, NONE, NONE, 6, -10
Equipment Box 486, Pawn Talisman, 0, Combo Plus, NONE, NONE, 3, -10
Equipment Box 487, Pawn Talisman, 0, Stun, NONE, NONE, 1, -10
Equipment Box 488, Pawn Talisman, 0, LastingPwr, NONE, NONE, 2, -10
Equipment Box 489, Pawn Talisman, 0, BBQ, NONE, NONE, 2, -10
Equipment Box 490, Pawn Talisman, 0, Map, NONE, NONE, 3, -10
Equipment Box 491, Pawn Talisman, 0, Map, NONE, NONE, 2, -10
Equipment Box 492, Pawn Talisman, 0, Combo Rate, Water Res, NONE, 6, -10
Equipment Box 493, Pawn Talisman, 0, ThunderRes, NONE, NONE, 2, -10
Equipment Box 494, Pawn Talisman, 0, Fire Res, NONE, NONE, 1, -10
Equipment Box 495, Pawn Talisman, 0, ThunderRes, NONE, NONE, 1, -10
Equipment Box 496, Pawn Talisman, 0, ThunderRes, Gluttony, NONE, 7, -10
Equipment Box 497, Pawn Talisman, 0, LastingPwr, Paralysis, NONE, 6, -10
Equipment Box 498, Pawn Talisman, 0, Fire Res, NONE, NONE, 3, -10
Equipment Box 499, Pawn Talisman, 0, Gluttony, NONE, NONE, 1, -10
Equipment Box 500, Pawn Talisman, 0, Combo Plus, NONE, NONE, 2, -10
Equipment Box 501, Pawn Talisman, 0, Sense, NONE, NONE, 1, -10
Equipment Box 502, Pawn Talisman, 0, Cold Res, NONE, NONE, 4, -10
Equipment Box 503, Pawn Talisman, 0, Mud/Snow, NONE, NONE, 5, -10
Equipment Box 504, Pawn Talisman, 0, BBQ, NONE, NONE, 2, -10
Equipment Box 505, Pawn Talisman, 0, Anti-Theft, NONE, NONE, 4, -10
Equipment Box 506, Pawn Talisman, 0, Paralysis, Heat Res, NONE, 5, -10
Equipment Box 507, Pawn Talisman, 0, Whim, Sense, NONE, 6, -10
Equipment Box 508, Pawn Talisman, 0, Gluttony, Fire Res, NONE, 6, -10
Equipment Box 509, Pawn Talisman, 0, Combo Plus, NONE, NONE, 3, -10
Equipment Box 510, Pawn Talisman, 0, Fishing, Mud/Snow, NONE, 6, -10
Equipment Box 511, Pawn Talisman, 0, Paralysis, NONE, NONE, 1, -10
Equipment Box 512, Pawn Talisman, 0, Mud/Snow, NONE, NONE, 4, -10
Equipment Box 513, Pawn Talisman, 0, BBQ, NONE, NONE, 3, -10
Equipment Box 514, Pawn Talisman, 0, Fishing, NONE, NONE, 5, -10
Equipment Box 515, Pawn Talisman, 0, Sleep, NONE, NONE, 2, -10
Equipment Box 516, Bishop Talisman, 0, Map, Anti-Theft, NONE, 8, -5
Equipment Box 517, Ingot Vest, 1, NONE, NONE, NONE
Equipment Box 518, Pawn Talisman, 0, Heat Res, NONE, NONE, 4, -10
Equipment Box 519, Pawn Talisman, 0, ThunderRes, NONE, NONE, 3, -10
Equipment Box 520, Barroth Cap, 1, Expert Jewel, NONE, NONE
Equipment Box 521, Barroth Vest, 1, NONE, NONE, NONE
Equipment Box 522, Barroth Guards, 1, Attack Jewel, NONE, NONE
Equipment Box 523, Barroth Coat, 1, NONE, NONE, NONE
Equipment Box 524, Barroth Leggings, 1, NONE, NONE, NONE
Equipment Box 525, Pawn Talisman, 0, Mud/Snow, NONE, NONE, 3, -10
Equipment Box 526, Knight Talisman, 0, Spd Gather, SpeedSetup, NONE, 4, -10
Equipment Box 527, Knight Talisman, 0, Guard Up, NONE, NONE, 3, -10
Equipment Box 528, Knight Talisman, 0, Tremor Res, NONE, NONE, 1, -10
Equipment Box 529, Knight Talisman, 0, Psychic, Crag S+, NONE, 4, -10
Equipment Box 530, Knight Talisman, 0, Evasion, Guard Up, NONE, 4, -10
Equipment Box 531, Knight Talisman, 0, Dungmaster, NONE, NONE, 2, -10
Equipment Box 532, Pawn Talisman, 0, Anti-Theft, NONE, NONE, 3, -10
Equipment Box 533, Pawn Talisman, 0, Whim, Mud/Snow, NONE, 6, -10
Equipment Box 534, Gigginox Helm, 1, NONE, NONE, NONE
Equipment Box 535, Baggi Vest, 1, NONE, NONE, NONE
Equipment Box 536, Uragaan Mail, 1, NONE, NONE, NONE
Equipment Box 537, Selene Mail, 1, NONE, NONE, NONE
Equipment Box 538, Gobul Faulds, 1, NONE, NONE, NONE
Equipment Box 539, Lagiacrus Faulds, 1, NONE, NONE, NONE
Equipment Box 540, Rathian Mail, 1, NONE, NONE, NONE
Equipment Box 541, Rathalos Vambraces, 1, NONE, NONE, NONE
Equipment Box 542, NONE
Equipment Box 543, NONE
Equipment Box 544, NONE
Equipment Box 545, NONE
Equipment Box 546, NONE
Equipment Box 547, NONE
Equipment Box 548, NONE
Equipment Box 549, NONE
Equipment Box 550, NONE
Equipment Box 551, NONE
Equipment Box 552, NONE
Equipment Box 553, NONE
Equipment Box 554, NONE
Equipment Box 555, NONE
Equipment Box 556, NONE
Equipment Box 557, NONE
Equipment Box 558, NONE
Equipment Box 559, NONE
Equipment Box 560, NONE
Equipment Box 561, NONE
Equipment Box 562, NONE
Equipment Box 563, NONE
Equipment Box 564, NONE
Equipment Box 565, NONE
Equipment Box 566, NONE
Equipment Box 567, NONE
Equipment Box 568, NONE
Equipment Box 569, NONE
Equipment Box 570, NONE
Equipment Box 571, NONE
Equipment Box 572, NONE
Equipment Box 573, NONE
Equipment Box 574, NONE
Equipment Box 575, NONE
Equipment Box 576, NONE
Equipment Box 577, NONE
Equipment Box 578, NONE
Equipment Box 579, NONE
Equipment Box 580, NONE
Equipment Box 581, NONE
Equipment Box 582, NONE
Equipment Box 583, NONE
Equipment Box 584, NONE
Equipment Box 585, NONE
Equipment Box 586, NONE
Equipment Box 587, NONE
Equipment Box 588, NONE
Equipment Box 589, NONE
Equipment Box 590, NONE
Equipment Box 591, NONE
Equipment Box 592, NONE
Equipment Box 593, NONE
Equipment Box 594, NONE
Equipment Box 595, NONE
Equipment Box 596, NONE
Equipment Box 597, NONE
Equipment Box 598, NONE
Equipment Box 599, NONE
Equipment Box 600, NONE
Equipment Box 601, NONE
Equipment Box 602, NONE
Equipment Box 603, NONE
Equipment Box 604, NONE
Equipment Box 605, NONE
Equipment Box 606, NONE
Equipment Box 607, NONE
Equipment Box 608, NONE
Equipment Box 609, NONE
Equipment Box 610, NONE
Equipment Box 611, NONE
Equipment Box 612, NONE
Equipment Box 613, NONE
Equipment Box 614, NONE
Equipment Box 615, NONE
Equipment Box 616, NONE
Equipment Box 617, NONE
Equipment Box 618, NONE
Equipment Box 619, NONE
Equipment Box 620, NONE
Equipment Box 621, NONE
Equipment Box 622, NONE
Equipment Box 623, NONE
Equipment Box 624, NONE
Equipment Box 625, NONE
Equipment Box 626, NONE
Equipment Box 627, NONE
Equipment Box 628, NONE
Equipment Box 629, NONE
Equipment Box 630, NONE
Equipment Box 631, NONE
Equipment Box 632, NONE
Equipment Box 633, NONE
Equipment Box 634, NONE
Equipment Box 635, NONE
Equipment Box 636, NONE
Equipment Box 637, NONE
Equipment Box 638, NONE
Equipment Box 639, NONE
Equipment Box 640, NONE
Equipment Box 641, NONE
Equipment Box 642, NONE
Equipment Box 643, NONE
Equipment Box 644, NONE
Equipment Box 645, NONE
Equipment Box 646, NONE
Equipment Box 647, NONE
Equipment Box 648, NONE
Equipment Box 649, NONE
Equipment Box 650, NONE
Equipment Box 651, NONE
Equipment Box 652, NONE
Equipment Box 653, NONE
Equipment Box 654, NONE
Equipment Box 655, NONE
Equipment Box 656, NONE
Equipment Box 657, NONE
Equipment Box 658, NONE
Equipment Box 659, NONE
Equipment Box 660, NONE
Equipment Box 661, NONE
Equipment Box 662, NONE
Equipment Box 663, NONE
Equipment Box 664, NONE
Equipment Box 665, NONE
Equipment Box 666, NONE
Equipment Box 667, NONE
Equipment Box 668, NONE
Equipment Box 669, NONE
Equipment Box 670, NONE
Equipment Box 671, NONE
Equipment Box 672, NONE
Equipment Box 673, NONE
Equipment Box 674, NONE
Equipment Box 675, NONE
Equipment Box 676, NONE
Equipment Box 677, NONE
Equipment Box 678, NONE
Equipment Box 679, NONE
Equipment Box 680, NONE
Equipment Box 681, NONE
Equipment Box 682, NONE
Equipment Box 683, NONE
Equipment Box 684, NONE
Equipment Box 685, NONE
Equipment Box 686, NONE
Equipment Box 687, NONE
Equipment Box 688, NONE
Equipment Box 689, NONE
Equipment Box 690, NONE
Equipment Box 691, NONE
Equipment Box 692, NONE
Equipment Box 693, NONE
Equipment Box 694, NONE
Equipment Box 695, NONE
Equipment Box 696, NONE
Equipment Box 697, NONE
Equipment Box 698, NONE
Equipment Box 699, NONE
Equipment Box 700, NONE
Equipment Box 701, NONE
Equipment Box 702, NONE
Equipment Box 703, NONE
Equipment Box 704, NONE
Equipment Box 705, NONE
Equipment Box 706, NONE
Equipment Box 707, NONE
Equipment Box 708, NONE
Equipment Box 709, NONE
Equipment Box 710, NONE
Equipment Box 711, NONE
Equipment Box 712, NONE
Equipment Box 713, NONE
Equipment Box 714, NONE
Equipment Box 715, NONE
Equipment Box 716, NONE
Equipment Box 717, NONE
Equipment Box 718, NONE
Equipment Box 719, NONE
Equipment Box 720, NONE
Equipment Box 721, NONE
Equipment Box 722, NONE
Equipment Box 723, NONE
Equipment Box 724, NONE
Equipment Box 725, NONE
Equipment Box 726, NONE
Equipment Box 727, NONE
Equipment Box 728, NONE
Equipment Box 729, NONE
Equipment Box 730, NONE
Equipment Box 731, NONE
Equipment Box 732, NONE
Equipment Box 733, NONE
Equipment Box 734, NONE
Equipment Box 735, NONE
Equipment Box 736, NONE
Equipment Box 737, NONE
Equipment Box 738, NONE
Equipment Box 739, NONE
Equipment Box 740, NONE
Equipment Box 741, NONE
Equipment Box 742, NONE
Equipment Box 743, NONE
Equipment Box 744, NONE
Equipment Box 745, NONE
Equipment Box 746, NONE
Equipment Box 747, NONE
Equipment Box 748, NONE
Equipment Box 749, NONE
Equipment Box 750, NONE
Equipment Box 751, NONE
Equipment Box 752, NONE
Equipment Box 753, NONE
Equipment Box 754, NONE
Equipment Box 755, NONE
Equipment Box 756, NONE
Equipment Box 757, NONE
Equipment Box 758, NONE
Equipment Box 759, NONE
Equipment Box 760, NONE
Equipment Box 761, NONE
Equipment Box 762, NONE
Equipment Box 763, NONE
Equipment Box 764, NONE
Equipment Box 765, NONE
Equipment Box 766, NONE
Equipment Box 767, NONE
Equipment Box 768, NONE
Equipment Box 769, NONE
Equipment Box 770, NONE
Equipment Box 771, NONE
Equipment Box 772, NONE
Equipment Box 773, NONE
Equipment Box 774, NONE
Equipment Box 775, NONE
Equipment Box 776, NONE
Equipment Box 777, NONE
Equipment Box 778, NONE
Equipment Box 779, NONE
Equipment Box 780, NONE
Equipment Box 781, NONE
Equipment Box 782, NONE
Equipment Box 783, NONE
Equipment Box 784, NONE
Equipment Box 785, NONE
Equipment Box 786, NONE
Equipment Box 787, NONE
Equipment Box 788, NONE
Equipment Box 789, NONE
Equipment Box 790, NONE
Equipment Box 791, NONE
Equipment Box 792, NONE
Equipment Box 793, NONE
Equipment Box 794, NONE
Equipment Box 795, NONE
Equipment Box 796, NONE
Equipment Box 797, NONE
Equipment Box 798, NONE
Equipment Box 799, NONE
